"","west-ham-united","379"
"1","lukasz-fabianski",29692
"2","darren-randolph",51321
"3","david-martin",15930
"4","issa-diop",272622
"5","fabian-balbuena",285548
"6","angelo-ogbonna",48002
"7","goncalo-cardoso",587106
"8","aaron-cresswell",92571
"9","arthur-masuaku",181380
"10","ryan-fredericks",140191
"11","ben-johnson",468002
"12","declan-rice",357662
"13","tomas-soucek",283628
"14","mark-noble",31835
"15","jack-wilshere",74223
"16","josh-cullen",242606
"17","manuel-lanzini",135853
"18","pablo-fornals",357885
"19","felipe-anderson",159372
"20","jarrod-bowen",314875
"21","andriy-yarmolenko",69015
"22","robert-snodgrass",22614
"23","sebastien-haller",181375
"24","michail-antonio",104124
